alert_type,severity,portal,insurer,fired_at,run_id,value,threshold,detail,alert_id,acknowledged
price_spike,critical,Falabella,Bci,2025-08-15 03:30:01,619,63.41,30.0,Bci on Falabella: 32397 → 52939 (+63.4%),1,False
price_spike,critical,Falabella,Bci,2025-08-26 03:30:01,1131,36.18,30.0,Bci on Falabella: 35678 → 48586 (+36.2%),2,False
price_drop,critical,Falabella,Bci,2025-08-26 04:30:02,1132,-38.81,-30.0,Bci on Falabella: 48586 → 29732 (-38.8%),3,False
price_spike,critical,Falabella,Cardif,2025-08-15 03:30:01,619,32.24,30.0,Cardif on Falabella: 17015 → 22501 (+32.2%),4,False
price_spike,critical,Falabella,Consorcio,2025-08-15 03:30:01,619,63.3,30.0,Consorcio on Falabella: 21393 → 34934 (+63.3%),5,False
price_spike,critical,Falabella,Consorcio,2025-08-26 03:30:01,1131,36.08,30.0,Consorcio on Falabella: 25753 → 35045 (+36.1%),6,False
price_drop,critical,Falabella,Consorcio,2025-08-26 04:30:02,1132,-38.76,-30.0,Consorcio on Falabella: 35045 → 21461 (-38.8%),7,False
price_spike,critical,Falabella,Fid,2025-08-11 03:30:01,441,33.33,30.0,Fid on Falabella: 33126 → 44168 (+33.3%),8,False
price_drop,critical,Falabella,Fid,2025-08-11 11:30:02,457,-40.0,-30.0,Fid on Falabella: 44181 → 26509 (-40.0%),9,False
price_spike,critical,Falabella,Fid,2025-08-15 03:30:01,619,100.0,30.0,Fid on Falabella: 22093 → 44186 (+100.0%),10,False
price_drop,critical,Falabella,Fid,2025-08-15 11:30:02,635,-40.0,-30.0,Fid on Falabella: 44199 → 26520 (-40.0%),11,False
price_spike,critical,Falabella,Fid,2025-08-26 03:30:01,1131,62.73,30.0,Fid on Falabella: 28267 → 45998 (+62.7%),12,False
price_drop,critical,Falabella,Fid,2025-08-26 04:30:02,1132,-48.79,-30.0,Fid on Falabella: 45998 → 23556 (-48.8%),13,False
price_drop,critical,Falabella,Hdi,2025-08-11 11:30:02,457,-31.17,-30.0,Hdi on Falabella: 44148 → 30385 (-31.2%),14,False
price_spike,critical,Falabella,Hdi,2025-08-15 03:30:01,619,74.35,30.0,Hdi on Falabella: 25343 → 44186 (+74.4%),15,False
price_drop,critical,Falabella,Hdi,2025-08-15 11:30:02,635,-31.17,-30.0,Hdi on Falabella: 44199 → 30420 (-31.2%),16,False
price_spike,critical,Falabella,Hdi,2025-08-26 03:30:01,1131,46.89,30.0,Hdi on Falabella: 26675 → 39183 (+46.9%),17,False
price_drop,critical,Falabella,Hdi,2025-08-26 04:30:02,1132,-43.27,-30.0,Hdi on Falabella: 39183 → 22229 (-43.3%),18,False
price_drop,critical,Falabella,Sura,2025-08-11 11:30:02,457,-34.91,-30.0,Sura on Falabella: 46530 → 30287 (-34.9%),19,False
price_spike,critical,Falabella,Sura,2025-08-15 03:30:01,619,66.86,30.0,Sura on Falabella: 22567 → 37655 (+66.9%),20,False
price_spike,critical,Falabella,Sura,2025-08-26 03:30:01,1131,39.23,30.0,Sura on Falabella: 26636 → 37086 (+39.2%),21,False
price_drop,critical,Falabella,Sura,2025-08-26 04:30:02,1132,-40.15,-30.0,Sura on Falabella: 37086 → 22197 (-40.1%),22,False
price_drop,critical,Falabella,Zenit,2025-08-11 11:30:02,457,-31.13,-30.0,Zenit on Falabella: 51849 → 35710 (-31.1%),23,False
price_spike,critical,Falabella,Zenit,2025-08-15 03:30:01,619,74.23,30.0,Zenit on Falabella: 29784 → 51894 (+74.2%),24,False
price_drop,critical,Falabella,Zenit,2025-08-15 11:30:02,635,-31.13,-30.0,Zenit on Falabella: 51909 → 35752 (-31.1%),25,False
price_spike,critical,Falabella,Zurich,2025-08-15 03:30:01,619,68.79,30.0,Zurich on Falabella: 21457 → 36218 (+68.8%),26,False
price_spike,critical,Falabella,Zurich,2025-08-17 10:00:01,726,52.06,30.0,Zurich on Falabella: 25770 → 39185 (+52.1%),27,False
price_drop,critical,Falabella,Zurich,2025-08-17 11:30:02,729,-34.23,-30.0,Zurich on Falabella: 39185 → 25770 (-34.2%),28,False
price_spike,critical,Falabella,Zurich,2025-08-17 12:00:02,730,52.06,30.0,Zurich on Falabella: 25770 → 39185 (+52.1%),29,False
price_drop,critical,Falabella,Zurich,2025-08-17 13:00:01,732,-34.23,-30.0,Zurich on Falabella: 39185 → 25770 (-34.2%),30,False
price_spike,critical,Falabella,Zurich,2025-08-26 03:30:01,1131,40.66,30.0,Zurich on Falabella: 25830 → 36333 (+40.7%),31,False
price_drop,critical,Falabella,Zurich,2025-08-26 04:30:02,1132,-40.76,-30.0,Zurich on Falabella: 36333 → 21525 (-40.8%),32,False
price_spike,critical,Falabella,Zurich,2025-08-28 09:30:01,1237,45.84,30.0,Zurich on Falabella: 26954 → 39310 (+45.8%),33,False
price_drop,critical,Falabella,Zurich,2025-08-28 10:00:02,1238,-31.43,-30.0,Zurich on Falabella: 39310 → 26954 (-31.4%),34,False
price_spike,critical,Falabella,Zurich,2025-08-28 11:30:02,1241,45.84,30.0,Zurich on Falabella: 26954 → 39310 (+45.8%),35,False
price_drop,critical,Falabella,Zurich,2025-08-28 12:00:01,1242,-31.43,-30.0,Zurich on Falabella: 39310 → 26954 (-31.4%),36,False
price_spike,critical,Santander,Consorcio,2025-08-01 20:30:01,1471,30.85,30.0,Consorcio on Santander: 39136 → 51211 (+30.9%),37,False
price_drop,critical,Santander,Sura,2025-08-19 19:00:02,2278,-32.87,-30.0,Sura on Santander: 30745 → 20640 (-32.9%),38,False
price_move,warning,Falabella,Bci,2025-08-11 11:30:02,457,-26.56,10.0,Bci on Falabella: 52893 → 38843 (-26.6%),39,False
price_move,warning,Falabella,Bci,2025-08-14 03:30:01,572,-16.67,10.0,Bci on Falabella: 38865 → 32388 (-16.7%),40,False
price_move,warning,Falabella,Bci,2025-08-15 11:30:02,635,-26.56,10.0,Bci on Falabella: 52954 → 38888 (-26.6%),41,False
price_move,warning,Falabella,Bci,2025-08-27 03:30:02,1178,20.0,10.0,Bci on Falabella: 29740 → 35689 (+20.0%),42,False
price_move,warning,Falabella,Cardif,2025-08-01 02:30:02,2,-10.6,10.0,Cardif on Falabella: 34510 → 30853 (-10.6%),43,False
price_move,warning,Falabella,Cardif,2025-08-02 02:30:01,47,11.85,10.0,Cardif on Falabella: 30849 → 34505 (+11.9%),44,False
price_move,warning,Falabella,Cardif,2025-08-06 02:30:02,232,-10.6,10.0,Cardif on Falabella: 34487 → 30833 (-10.6%),45,False
price_move,warning,Falabella,Cardif,2025-08-07 02:30:01,275,11.85,10.0,Cardif on Falabella: 30829 → 34483 (+11.9%),46,False
price_move,warning,Falabella,Cardif,2025-08-12 02:30:01,484,-13.04,10.0,Cardif on Falabella: 32128 → 27938 (-13.0%),47,False
price_move,warning,Falabella,Cardif,2025-08-12 23:00:01,515,-26.98,10.0,Cardif on Falabella: 27946 → 20406 (-27.0%),48,False
price_move,warning,Falabella,Cardif,2025-08-14 04:00:01,573,-16.66,10.0,Cardif on Falabella: 20823 → 17353 (-16.7%),49,False
price_move,warning,Falabella,Cardif,2025-08-22 02:30:02,944,10.42,10.0,Cardif on Falabella: 21107 → 23306 (+10.4%),50,False
price_move,warning,Falabella,Cardif,2025-08-25 02:30:02,1081,10.42,10.0,Cardif on Falabella: 21126 → 23327 (+10.4%),51,False
price_move,warning,Falabella,Cardif,2025-08-26 04:30:02,1132,-19.14,10.0,Cardif on Falabella: 24047 → 19444 (-19.1%),52,False
price_move,warning,Falabella,Cardif,2025-08-27 03:30:02,1178,20.0,10.0,Cardif on Falabella: 17615 → 21138 (+20.0%),53,False
price_move,warning,Falabella,Cardif,2025-08-30 02:30:01,1318,14.8,10.0,Cardif on Falabella: 20349 → 23360 (+14.8%),54,False
price_move,warning,Falabella,Consorcio,2025-08-01 03:30:02,4,15.38,10.0,Consorcio on Falabella: 32429 → 37418 (+15.4%),55,False
price_move,warning,Falabella,Consorcio,2025-08-01 19:00:02,33,10.36,10.0,Consorcio on Falabella: 37414 → 41289 (+10.4%),56,False
price_move,warning,Falabella,Consorcio,2025-08-11 11:30:02,457,-26.7,10.0,Consorcio on Falabella: 45045 → 33016 (-26.7%),57,False
price_move,warning,Falabella,Consorcio,2025-08-14 03:30:01,572,-16.66,10.0,Consorcio on Falabella: 33035 → 27530 (-16.7%),58,False
price_move,warning,Falabella,Consorcio,2025-08-14 22:30:01,609,-22.31,10.0,Consorcio on Falabella: 27538 → 21393 (-22.3%),59,False
price_move,warning,Falabella,Consorcio,2025-08-18 17:30:01,788,-26.43,10.0,Consorcio on Falabella: 34934 → 25701 (-26.4%),60,False
price_move,warning,Falabella,Consorcio,2025-08-20 19:30:01,882,-12.07,10.0,Consorcio on Falabella: 25716 → 22611 (-12.1%),61,False
price_move,warning,Falabella,Consorcio,2025-08-24 01:30:02,1037,13.73,10.0,Consorcio on Falabella: 22630 → 25738 (+13.7%),62,False
price_move,warning,Falabella,Consorcio,2025-08-27 03:30:02,1178,20.0,10.0,Consorcio on Falabella: 21467 → 25761 (+20.0%),63,False
price_move,warning,Falabella,Consorcio,2025-08-27 23:30:02,1217,-12.08,10.0,Consorcio on Falabella: 25768 → 22656 (-12.1%),64,False
price_move,warning,Falabella,Consorcio,2025-08-29 16:30:02,1298,13.73,10.0,Consorcio on Falabella: 22670 → 25783 (+13.7%),65,False
price_move,warning,Falabella,Consorcio,2025-08-29 19:00:01,1303,-12.07,10.0,Consorcio on Falabella: 25783 → 22670 (-12.1%),66,False
price_move,warning,Falabella,Fid,2025-08-14 03:30:01,572,-16.67,10.0,Fid on Falabella: 26524 → 22103 (-16.7%),67,False
price_move,warning,Falabella,Fid,2025-08-19 09:00:01,814,27.32,10.0,Fid on Falabella: 27033 → 34419 (+27.3%),68,False
price_move,warning,Falabella,Fid,2025-08-19 14:30:01,825,-17.48,10.0,Fid on Falabella: 32771 → 27041 (-17.5%),69,False
price_move,warning,Falabella,Fid,2025-08-20 06:00:02,855,22.13,10.0,Fid on Falabella: 27041 → 33026 (+22.1%),70,False
price_move,warning,Falabella,Fid,2025-08-20 14:30:02,872,-18.89,10.0,Fid on Falabella: 33350 → 27049 (-18.9%),71,False
price_move,warning,Falabella,Fid,2025-08-21 06:00:02,903,27.21,10.0,Fid on Falabella: 27049 → 34410 (+27.2%),72,False
price_move,warning,Falabella,Fid,2025-08-21 14:30:02,920,-18.85,10.0,Fid on Falabella: 33340 → 27057 (-18.8%),73,False
price_move,warning,Falabella,Fid,2025-08-22 06:00:01,951,25.32,10.0,Fid on Falabella: 27057 → 33909 (+25.3%),74,False
price_move,warning,Falabella,Fid,2025-08-22 14:30:01,968,-21.48,10.0,Fid on Falabella: 34469 → 27064 (-21.5%),75,False
price_move,warning,Falabella,Fid,2025-08-23 06:00:02,999,26.71,10.0,Fid on Falabella: 27064 → 34292 (+26.7%),76,False
price_move,warning,Falabella,Fid,2025-08-23 14:30:02,1015,-19.13,10.0,Fid on Falabella: 33477 → 27072 (-19.1%),77,False
price_move,warning,Falabella,Fid,2025-08-24 06:00:02,1046,20.83,10.0,Fid on Falabella: 27072 → 32711 (+20.8%),78,False
price_move,warning,Falabella,Fid,2025-08-24 14:30:01,1058,-20.99,10.0,Fid on Falabella: 34273 → 27080 (-21.0%),79,False
price_move,warning,Falabella,Fid,2025-08-25 06:00:02,1088,28.08,10.0,Fid on Falabella: 27080 → 34685 (+28.1%),80,False
price_move,warning,Falabella,Fid,2025-08-25 14:30:01,1105,-19.56,10.0,Fid on Falabella: 33673 → 27088 (-19.6%),81,False
price_move,warning,Falabella,Fid,2025-08-26 05:30:02,1134,22.74,10.0,Fid on Falabella: 23556 → 28913 (+22.7%),82,False
price_move,warning,Falabella,Fid,2025-08-26 14:30:02,1152,-22.06,10.0,Fid on Falabella: 30232 → 23563 (-22.1%),83,False
price_move,warning,Falabella,Fid,2025-08-27 03:30:02,1178,20.0,10.0,Fid on Falabella: 23563 → 28276 (+20.0%),84,False
price_move,warning,Falabella,Fid,2025-08-27 06:00:01,1182,22.25,10.0,Fid on Falabella: 28276 → 34568 (+22.3%),85,False
price_move,warning,Falabella,Fid,2025-08-27 14:30:01,1199,-20.68,10.0,Fid on Falabella: 35660 → 28284 (-20.7%),86,False
price_move,warning,Falabella,Fid,2025-08-28 06:00:02,1230,24.69,10.0,Fid on Falabella: 28284 → 35266 (+24.7%),87,False
price_move,warning,Falabella,Fid,2025-08-28 14:30:01,1247,-20.77,10.0,Fid on Falabella: 35709 → 28292 (-20.8%),88,False
price_move,warning,Falabella,Fid,2025-08-29 06:00:02,1278,23.5,10.0,Fid on Falabella: 28292 → 34942 (+23.5%),89,False
price_move,warning,Falabella,Fid,2025-08-29 14:30:01,1295,-18.62,10.0,Fid on Falabella: 34775 → 28300 (-18.6%),90,False
price_move,warning,Falabella,Fid,2025-08-30 06:00:01,1325,24.96,10.0,Fid on Falabella: 28300 → 35365 (+25.0%),91,False
price_move,warning,Falabella,Fid,2025-08-30 15:00:02,1343,-17.97,10.0,Fid on Falabella: 34509 → 28308 (-18.0%),92,False
price_move,warning,Falabella,Hdi,2025-08-01 03:30:02,4,15.38,10.0,Hdi on Falabella: 31090 → 35873 (+15.4%),93,False
price_move,warning,Falabella,Hdi,2025-08-11 03:30:01,441,16.24,10.0,Hdi on Falabella: 37970 → 44135 (+16.2%),94,False
price_move,warning,Falabella,Hdi,2025-08-14 03:30:01,572,-16.67,10.0,Hdi on Falabella: 30403 → 25336 (-16.7%),95,False
price_move,warning,Falabella,Hdi,2025-08-26 01:00:01,1126,-12.56,10.0,Hdi on Falabella: 30508 → 26675 (-12.6%),96,False
price_move,warning,Falabella,Hdi,2025-08-27 03:30:02,1178,20.0,10.0,Hdi on Falabella: 22236 → 26683 (+20.0%),97,False
price_move,warning,Falabella,Sura,2025-08-01 03:30:02,4,15.38,10.0,Sura on Falabella: 30178 → 34820 (+15.4%),98,False
price_move,warning,Falabella,Sura,2025-08-01 06:30:01,10,14.54,10.0,Sura on Falabella: 34820 → 39884 (+14.5%),99,False
price_move,warning,Falabella,Sura,2025-08-01 09:00:02,15,-14.06,10.0,Sura on Falabella: 42479 → 36505 (-14.1%),100,False
price_move,warning,Falabella,Sura,2025-08-01 09:30:02,16,16.06,10.0,Sura on Falabella: 36505 → 42367 (+16.1%),101,False
price_move,warning,Falabella,Sura,2025-08-01 10:00:02,17,-13.55,10.0,Sura on Falabella: 42367 → 36628 (-13.5%),102,False
price_move,warning,Falabella,Sura,2025-08-01 10:30:02,1365,12.17,10.0,Sura on Falabella: 36628 → 41084 (+12.2%),103,False
price_move,warning,Falabella,Sura,2025-08-01 11:30:01,19,12.5,10.0,Sura on Falabella: 38635 → 43463 (+12.5%),104,False
price_move,warning,Falabella,Sura,2025-08-01 12:30:01,1366,-15.29,10.0,Sura on Falabella: 41100 → 34816 (-15.3%),105,False
price_move,warning,Falabella,Sura,2025-08-02 06:30:01,55,24.44,10.0,Sura on Falabella: 34816 → 43324 (+24.4%),106,False
price_move,warning,Falabella,Sura,2025-08-02 11:30:01,65,21.5,10.0,Sura on Falabella: 36878 → 44807 (+21.5%),107,False
price_move,warning,Falabella,Sura,2025-08-02 12:30:02,67,-15.56,10.0,Sura on Falabella: 41209 → 34798 (-15.6%),108,False
price_move,warning,Falabella,Sura,2025-08-03 08:30:01,1371,12.81,10.0,Sura on Falabella: 39360 → 44402 (+12.8%),109,False
price_move,warning,Falabella,Sura,2025-08-03 09:00:02,104,-10.11,10.0,Sura on Falabella: 44402 → 39914 (-10.1%),110,False
price_move,warning,Falabella,Sura,2025-08-03 09:30:02,105,-10.16,10.0,Sura on Falabella: 39914 → 35859 (-10.2%),111,False
price_move,warning,Falabella,Sura,2025-08-03 11:00:02,108,12.37,10.0,Sura on Falabella: 36202 → 40681 (+12.4%),112,False
price_move,warning,Falabella,Sura,2025-08-03 13:00:01,112,-10.62,10.0,Sura on Falabella: 38944 → 34807 (-10.6%),113,False
price_move,warning,Falabella,Sura,2025-08-04 06:30:01,145,28.04,10.0,Sura on Falabella: 34807 → 44568 (+28.0%),114,False
price_move,warning,Falabella,Sura,2025-08-04 07:00:01,146,-16.86,10.0,Sura on Falabella: 44568 → 37054 (-16.9%),115,False
price_move,warning,Falabella,Sura,2025-08-04 08:30:02,149,22.57,10.0,Sura on Falabella: 36222 → 44396 (+22.6%),116,False
price_move,warning,Falabella,Sura,2025-08-05 06:30:01,193,18.13,10.0,Sura on Falabella: 34802 → 41111 (+18.1%),117,False
price_move,warning,Falabella,Sura,2025-08-05 07:30:01,1374,-16.76,10.0,Sura on Falabella: 43069 → 35850 (-16.8%),118,False
price_move,warning,Falabella,Sura,2025-08-05 10:30:01,200,22.53,10.0,Sura on Falabella: 35850 → 43926 (+22.5%),119,False
price_move,warning,Falabella,Sura,2025-08-05 11:00:01,201,-13.2,10.0,Sura on Falabella: 43926 → 38126 (-13.2%),120,False
price_move,warning,Falabella,Sura,2025-08-05 12:30:01,204,-15.31,10.0,Sura on Falabella: 41087 → 34798 (-15.3%),121,False
price_move,warning,Falabella,Sura,2025-08-06 11:00:01,245,-14.07,10.0,Sura on Falabella: 41571 → 35723 (-14.1%),122,False
price_move,warning,Falabella,Sura,2025-08-06 11:30:02,246,19.39,10.0,Sura on Falabella: 35723 → 42648 (+19.4%),123,False
price_move,warning,Falabella,Sura,2025-08-06 12:00:02,247,-12.97,10.0,Sura on Falabella: 42648 → 37118 (-13.0%),124,False
price_move,warning,Falabella,Sura,2025-08-07 07:30:01,284,11.89,10.0,Sura on Falabella: 38043 → 42568 (+11.9%),125,False
price_move,warning,Falabella,Sura,2025-08-07 12:30:01,288,-10.17,10.0,Sura on Falabella: 38728 → 34789 (-10.2%),126,False
price_move,warning,Falabella,Sura,2025-08-08 06:30:02,323,25.58,10.0,Sura on Falabella: 34789 → 43688 (+25.6%),127,False
price_move,warning,Falabella,Sura,2025-08-08 07:00:02,324,-16.13,10.0,Sura on Falabella: 43688 → 36643 (-16.1%),128,False
price_move,warning,Falabella,Sura,2025-08-08 09:30:01,329,12.05,10.0,Sura on Falabella: 39799 → 44593 (+12.0%),129,False
price_move,warning,Falabella,Sura,2025-08-08 10:00:01,330,-16.79,10.0,Sura on Falabella: 44593 → 37108 (-16.8%),130,False
price_move,warning,Falabella,Sura,2025-08-08 10:30:01,331,11.08,10.0,Sura on Falabella: 37108 → 41218 (+11.1%),131,False
price_move,warning,Falabella,Sura,2025-08-08 11:00:02,332,-10.86,10.0,Sura on Falabella: 41218 → 36741 (-10.9%),132,False
price_move,warning,Falabella,Sura,2025-08-09 07:00:02,1397,15.47,10.0,Sura on Falabella: 33806 → 39036 (+15.5%),133,False
price_move,warning,Falabella,Sura,2025-08-09 07:30:01,1398,-11.34,10.0,Sura on Falabella: 39036 → 34609 (-11.3%),134,False
price_move,warning,Falabella,Sura,2025-08-09 08:00:01,1399,14.7,10.0,Sura on Falabella: 34609 → 39696 (+14.7%),135,False
price_move,warning,Falabella,Sura,2025-08-09 11:30:02,365,11.7,10.0,Sura on Falabella: 37201 → 41555 (+11.7%),136,False
price_move,warning,Falabella,Sura,2025-08-09 12:30:02,367,-14.16,10.0,Sura on Falabella: 39378 → 33802 (-14.2%),137,False
price_move,warning,Falabella,Sura,2025-08-10 06:30:01,400,21.59,10.0,Sura on Falabella: 33802 → 41101 (+21.6%),138,False
price_move,warning,Falabella,Sura,2025-08-10 10:00:01,407,12.68,10.0,Sura on Falabella: 38191 → 43035 (+12.7%),139,False
price_move,warning,Falabella,Sura,2025-08-10 11:30:01,410,-10.97,10.0,Sura on Falabella: 38883 → 34619 (-11.0%),140,False
price_move,warning,Falabella,Sura,2025-08-11 03:30:01,441,11.24,10.0,Sura on Falabella: 33811 → 37611 (+11.2%),141,False
price_move,warning,Falabella,Sura,2025-08-11 06:30:02,447,17.73,10.0,Sura on Falabella: 37611 → 44279 (+17.7%),142,False
price_move,warning,Falabella,Sura,2025-08-11 08:00:01,450,-12.27,10.0,Sura on Falabella: 43887 → 38503 (-12.3%),143,False
price_move,warning,Falabella,Sura,2025-08-11 08:30:01,451,10.85,10.0,Sura on Falabella: 38503 → 42680 (+10.8%),144,False
price_move,warning,Falabella,Sura,2025-08-11 10:00:01,454,10.57,10.0,Sura on Falabella: 40428 → 44703 (+10.6%),145,False
price_move,warning,Falabella,Sura,2025-08-11 10:30:02,455,-10.51,10.0,Sura on Falabella: 44703 → 40004 (-10.5%),146,False
price_move,warning,Falabella,Sura,2025-08-11 11:00:02,456,16.31,10.0,Sura on Falabella: 40004 → 46530 (+16.3%),147,False
price_move,warning,Falabella,Sura,2025-08-12 06:30:02,1414,20.51,10.0,Sura on Falabella: 27057 → 32607 (+20.5%),148,False
price_move,warning,Falabella,Sura,2025-08-12 08:30:01,1418,-14.96,10.0,Sura on Falabella: 33508 → 28494 (-15.0%),149,False
price_move,warning,Falabella,Sura,2025-08-12 11:00:02,491,14.25,10.0,Sura on Falabella: 28866 → 32979 (+14.2%),150,False
price_move,warning,Falabella,Sura,2025-08-12 12:00:02,493,12.18,10.0,Sura on Falabella: 31197 → 34996 (+12.2%),151,False
price_move,warning,Falabella,Sura,2025-08-12 12:30:01,494,-22.66,10.0,Sura on Falabella: 34996 → 27065 (-22.7%),152,False
price_move,warning,Falabella,Sura,2025-08-13 06:30:02,530,18.05,10.0,Sura on Falabella: 27065 → 31950 (+18.0%),153,False
price_move,warning,Falabella,Sura,2025-08-13 07:30:02,532,-18.39,10.0,Sura on Falabella: 34399 → 28072 (-18.4%),154,False
price_move,warning,Falabella,Sura,2025-08-13 10:30:01,538,11.48,10.0,Sura on Falabella: 29854 → 33282 (+11.5%),155,False
price_move,warning,Falabella,Sura,2025-08-13 11:30:01,540,-11.25,10.0,Sura on Falabella: 33263 → 29521 (-11.2%),156,False
price_move,warning,Falabella,Sura,2025-08-14 03:30:01,572,-16.67,10.0,Sura on Falabella: 27072 → 22560 (-16.7%),157,False
price_move,warning,Falabella,Sura,2025-08-14 06:30:02,578,15.66,10.0,Sura on Falabella: 22560 → 26094 (+15.7%),158,False
price_move,warning,Falabella,Sura,2025-08-14 08:00:02,581,-10.77,10.0,Sura on Falabella: 27139 → 24216 (-10.8%),159,False
price_move,warning,Falabella,Sura,2025-08-14 10:00:01,584,14.63,10.0,Sura on Falabella: 25343 → 29050 (+14.6%),160,False
price_move,warning,Falabella,Sura,2025-08-14 10:30:01,585,-17.37,10.0,Sura on Falabella: 29050 → 24004 (-17.4%),161,False
price_move,warning,Falabella,Sura,2025-08-14 12:00:01,588,15.34,10.0,Sura on Falabella: 24265 → 27988 (+15.3%),162,False
price_move,warning,Falabella,Sura,2025-08-14 12:30:02,589,-19.37,10.0,Sura on Falabella: 27988 → 22567 (-19.4%),163,False
price_move,warning,Falabella,Sura,2025-08-15 06:30:01,625,13.13,10.0,Sura on Falabella: 37655 → 42598 (+13.1%),164,False
price_move,warning,Falabella,Sura,2025-08-15 09:00:01,630,-11.78,10.0,Sura on Falabella: 47695 → 42076 (-11.8%),165,False
price_move,warning,Falabella,Sura,2025-08-15 11:30:02,635,-25.98,10.0,Sura on Falabella: 41814 → 30949 (-26.0%),166,False
price_move,warning,Falabella,Sura,2025-08-15 12:30:02,637,-14.38,10.0,Sura on Falabella: 31636 → 27088 (-14.4%),167,False
price_move,warning,Falabella,Sura,2025-08-16 06:30:01,673,16.1,10.0,Sura on Falabella: 27088 → 31449 (+16.1%),168,False
price_move,warning,Falabella,Sura,2025-08-16 09:00:01,678,-12.1,10.0,Sura on Falabella: 31605 → 27782 (-12.1%),169,False
price_move,warning,Falabella,Sura,2025-08-16 10:00:02,680,16.73,10.0,Sura on Falabella: 28116 → 32821 (+16.7%),170,False
price_move,warning,Falabella,Sura,2025-08-16 11:30:02,683,-12.08,10.0,Sura on Falabella: 31958 → 28096 (-12.1%),171,False
price_move,warning,Falabella,Sura,2025-08-16 12:00:02,684,15.28,10.0,Sura on Falabella: 28096 → 32390 (+15.3%),172,False
price_move,warning,Falabella,Sura,2025-08-16 12:30:01,685,-16.34,10.0,Sura on Falabella: 32390 → 27096 (-16.3%),173,False
price_move,warning,Falabella,Sura,2025-08-17 07:00:01,720,15.48,10.0,Sura on Falabella: 29771 → 34380 (+15.5%),174,False
price_move,warning,Falabella,Sura,2025-08-17 07:30:01,721,-13.52,10.0,Sura on Falabella: 34380 → 29732 (-13.5%),175,False
price_move,warning,Falabella,Sura,2025-08-17 10:30:02,727,14.22,10.0,Sura on Falabella: 29242 → 33399 (+14.2%),176,False
price_move,warning,Falabella,Sura,2025-08-17 11:00:02,728,-15.91,10.0,Sura on Falabella: 33399 → 28084 (-15.9%),177,False
price_move,warning,Falabella,Sura,2025-08-17 11:30:02,729,17.39,10.0,Sura on Falabella: 28084 → 32968 (+17.4%),178,False
price_move,warning,Falabella,Sura,2025-08-17 12:30:02,731,-18.32,10.0,Sura on Falabella: 33184 → 27104 (-18.3%),179,False
price_move,warning,Falabella,Sura,2025-08-18 06:30:01,767,25.94,10.0,Sura on Falabella: 27104 → 34135 (+25.9%),180,False
price_move,warning,Falabella,Sura,2025-08-18 08:30:02,770,13.74,10.0,Sura on Falabella: 29564 → 33625 (+13.7%),181,False
price_move,warning,Falabella,Sura,2025-08-18 10:00:01,773,-15.35,10.0,Sura on Falabella: 34508 → 29211 (-15.4%),182,False
price_move,warning,Falabella,Sura,2025-08-18 12:30:02,778,-18.08,10.0,Sura on Falabella: 33095 → 27112 (-18.1%),183,False
price_move,warning,Falabella,Sura,2025-08-19 09:00:01,814,10.96,10.0,Sura on Falabella: 27112 → 30083 (+11.0%),184,False
price_move,warning,Falabella,Sura,2025-08-19 11:30:01,819,-10.02,10.0,Sura on Falabella: 33105 → 29788 (-10.0%),185,False
price_move,warning,Falabella,Sura,2025-08-19 12:30:02,821,-10.09,10.0,Sura on Falabella: 30161 → 27119 (-10.1%),186,False
price_move,warning,Falabella,Sura,2025-08-20 06:30:02,856,25.73,10.0,Sura on Falabella: 27119 → 34096 (+25.7%),187,False
price_move,warning,Falabella,Sura,2025-08-20 07:00:02,857,-12.61,10.0,Sura on Falabella: 34096 → 29797 (-12.6%),188,False
price_move,warning,Falabella,Sura,2025-08-20 08:00:02,859,-10.45,10.0,Sura on Falabella: 31563 → 28266 (-10.4%),189,False
price_move,warning,Falabella,Sura,2025-08-20 08:30:01,860,24.72,10.0,Sura on Falabella: 28266 → 35254 (+24.7%),190,False
price_move,warning,Falabella,Sura,2025-08-20 09:00:01,861,-18.76,10.0,Sura on Falabella: 35254 → 28639 (-18.8%),191,False
price_move,warning,Falabella,Sura,2025-08-20 09:30:01,862,18.09,10.0,Sura on Falabella: 28639 → 33821 (+18.1%),192,False
price_move,warning,Falabella,Sura,2025-08-20 12:30:01,868,-18.75,10.0,Sura on Falabella: 33389 → 27127 (-18.8%),193,False
price_move,warning,Falabella,Sura,2025-08-21 09:30:01,910,15.71,10.0,Sura on Falabella: 27626 → 31965 (+15.7%),194,False
price_move,warning,Falabella,Sura,2025-08-21 10:30:01,912,-19.84,10.0,Sura on Falabella: 34341 → 27528 (-19.8%),195,False
price_move,warning,Falabella,Sura,2025-08-21 11:00:01,913,16.12,10.0,Sura on Falabella: 27528 → 31965 (+16.1%),196,False
price_move,warning,Falabella,Sura,2025-08-21 12:30:02,916,-14.22,10.0,Sura on Falabella: 31632 → 27135 (-14.2%),197,False
price_move,warning,Falabella,Sura,2025-08-22 07:30:01,954,19.81,10.0,Sura on Falabella: 26605 → 31876 (+19.8%),198,False
price_move,warning,Falabella,Sura,2025-08-22 08:30:01,956,-13.68,10.0,Sura on Falabella: 33585 → 28989 (-13.7%),199,False
price_move,warning,Falabella,Sura,2025-08-22 09:30:01,958,10.89,10.0,Sura on Falabella: 31032 → 34410 (+10.9%),200,False
price_move,warning,Falabella,Sura,2025-08-22 10:00:01,959,-21.58,10.0,Sura on Falabella: 34410 → 26986 (-21.6%),201,False
price_move,warning,Falabella,Sura,2025-08-22 11:00:02,961,12.21,10.0,Sura on Falabella: 28793 → 32308 (+12.2%),202,False
price_move,warning,Falabella,Sura,2025-08-22 11:30:02,962,-13.8,10.0,Sura on Falabella: 32308 → 27850 (-13.8%),203,False
price_move,warning,Falabella,Sura,2025-08-23 06:30:02,1000,16.93,10.0,Sura on Falabella: 26613 → 31119 (+16.9%),204,False
price_move,warning,Falabella,Sura,2025-08-23 10:30:01,1008,-13.07,10.0,Sura on Falabella: 31119 → 27053 (-13.1%),205,False
price_move,warning,Falabella,Sura,2025-08-23 11:30:01,1010,10.76,10.0,Sura on Falabella: 28290 → 31335 (+10.8%),206,False
price_move,warning,Falabella,Sura,2025-08-23 12:30:01,1012,-15.05,10.0,Sura on Falabella: 31335 → 26620 (-15.0%),207,False
price_move,warning,Falabella,Sura,2025-08-24 08:30:02,1051,10.68,10.0,Sura on Falabella: 29812 → 32995 (+10.7%),208,False
price_move,warning,Falabella,Sura,2025-08-24 09:30:02,1427,-13.82,10.0,Sura on Falabella: 32131 → 27689 (-13.8%),209,False
price_move,warning,Falabella,Sura,2025-08-25 07:30:02,1091,13.87,10.0,Sura on Falabella: 27914 → 31786 (+13.9%),210,False
price_move,warning,Falabella,Sura,2025-08-25 09:00:01,1094,-10.51,10.0,Sura on Falabella: 30312 → 27127 (-10.5%),211,False
price_move,warning,Falabella,Sura,2025-08-25 10:30:02,1097,16.26,10.0,Sura on Falabella: 27933 → 32474 (+16.3%),212,False
price_move,warning,Falabella,Sura,2025-08-25 11:30:01,1099,-14.03,10.0,Sura on Falabella: 33359 → 28680 (-14.0%),213,False
price_move,warning,Falabella,Sura,2025-08-25 12:30:01,1101,-15.37,10.0,Sura on Falabella: 31472 → 26636 (-15.4%),214,False
price_move,warning,Falabella,Sura,2025-08-26 08:00:02,1139,15.35,10.0,Sura on Falabella: 24120 → 27823 (+15.4%),215,False
price_move,warning,Falabella,Sura,2025-08-27 03:30:02,1178,20.0,10.0,Sura on Falabella: 22203 → 26644 (+20.0%),216,False
price_move,warning,Falabella,Sura,2025-08-27 07:00:01,1184,26.74,10.0,Sura on Falabella: 27143 → 34401 (+26.7%),217,False
price_move,warning,Falabella,Sura,2025-08-27 07:30:01,1185,-15.15,10.0,Sura on Falabella: 34401 → 29188 (-15.2%),218,False
price_move,warning,Falabella,Sura,2025-08-27 08:00:01,1186,10.04,10.0,Sura on Falabella: 29188 → 32119 (+10.0%),219,False
price_move,warning,Falabella,Sura,2025-08-27 08:30:01,1187,-14.7,10.0,Sura on Falabella: 32119 → 27399 (-14.7%),220,False
price_move,warning,Falabella,Sura,2025-08-27 11:00:02,1192,16.59,10.0,Sura on Falabella: 28343 → 33044 (+16.6%),221,False
price_move,warning,Falabella,Sura,2025-08-27 12:00:01,1194,-16.01,10.0,Sura on Falabella: 33044 → 27753 (-16.0%),222,False
price_move,warning,Falabella,Sura,2025-08-28 07:00:02,1232,17.46,10.0,Sura on Falabella: 27938 → 32817 (+17.5%),223,False
price_move,warning,Falabella,Sura,2025-08-28 09:00:01,1236,-15.79,10.0,Sura on Falabella: 34273 → 28862 (-15.8%),224,False
price_move,warning,Falabella,Sura,2025-08-28 09:30:01,1237,11.32,10.0,Sura on Falabella: 28862 → 32128 (+11.3%),225,False
price_move,warning,Falabella,Sura,2025-08-28 12:30:01,1243,-16.46,10.0,Sura on Falabella: 31912 → 26659 (-16.5%),226,False
price_move,warning,Falabella,Sura,2025-08-29 06:30:01,1279,26.09,10.0,Sura on Falabella: 26659 → 33614 (+26.1%),227,False
price_move,warning,Falabella,Sura,2025-08-29 09:00:01,1284,-15.37,10.0,Sura on Falabella: 33161 → 28064 (-15.4%),228,False
price_move,warning,Falabella,Sura,2025-08-29 09:30:01,1285,22.23,10.0,Sura on Falabella: 28064 → 34303 (+22.2%),229,False
price_move,warning,Falabella,Sura,2025-08-29 10:00:01,1286,-15.84,10.0,Sura on Falabella: 34303 → 28871 (-15.8%),230,False
price_move,warning,Falabella,Sura,2025-08-29 11:30:02,1289,12.37,10.0,Sura on Falabella: 30701 → 34499 (+12.4%),231,False
price_move,warning,Falabella,Sura,2025-08-29 12:00:02,1290,-10.04,10.0,Sura on Falabella: 34499 → 31036 (-10.0%),232,False
price_move,warning,Falabella,Sura,2025-08-29 12:30:02,1291,-14.08,10.0,Sura on Falabella: 31036 → 26667 (-14.1%),233,False
price_move,warning,Falabella,Sura,2025-08-30 07:00:01,1327,15.34,10.0,Sura on Falabella: 28741 → 33151 (+15.3%),234,False
price_move,warning,Falabella,Sura,2025-08-30 08:30:02,1330,-21.44,10.0,Sura on Falabella: 34529 → 27127 (-21.4%),235,False
price_move,warning,Falabella,Sura,2025-08-30 09:00:02,1331,16.77,10.0,Sura on Falabella: 27127 → 31675 (+16.8%),236,False
price_move,warning,Falabella,Sura,2025-08-30 12:30:01,1338,-10.97,10.0,Sura on Falabella: 29962 → 26674 (-11.0%),237,False
price_move,warning,Falabella,Zenit,2025-08-11 03:30:01,441,16.15,10.0,Zenit on Falabella: 44625 → 51834 (+16.2%),238,False
price_move,warning,Falabella,Zenit,2025-08-14 03:30:01,572,-16.67,10.0,Zenit on Falabella: 35731 → 29776 (-16.7%),239,False
price_move,warning,Falabella,Zurich,2025-08-01 03:30:02,4,15.38,10.0,Zurich on Falabella: 27886 → 32176 (+15.4%),240,False
price_move,warning,Falabella,Zurich,2025-08-11 03:30:01,441,12.53,10.0,Zurich on Falabella: 32148 → 36176 (+12.5%),241,False
price_move,warning,Falabella,Zurich,2025-08-11 11:30:02,457,-28.91,10.0,Zurich on Falabella: 36186 → 25726 (-28.9%),242,False
price_move,warning,Falabella,Zurich,2025-08-14 03:30:01,572,-16.67,10.0,Zurich on Falabella: 24683 → 20569 (-16.7%),243,False
price_move,warning,Falabella,Zurich,2025-08-15 11:30:02,635,-28.91,10.0,Zurich on Falabella: 36228 → 25755 (-28.9%),244,False
price_move,warning,Falabella,Zurich,2025-08-27 03:30:02,1178,20.0,10.0,Zurich on Falabella: 22449 → 26938 (+20.0%),245,False
price_move,warning,Santander,Consorcio,2025-08-18 19:30:02,2231,-19.65,10.0,Consorcio on Santander: 51291 → 41212 (-19.7%),246,False
price_move,warning,Santander,Fid,2025-08-19 06:00:02,2252,28.93,10.0,Fid on Santander: 43696 → 56339 (+28.9%),247,False
price_move,warning,Santander,Fid,2025-08-19 15:00:02,2270,-17.61,10.0,Fid on Santander: 53050 → 43709 (-17.6%),248,False
price_move,warning,Santander,Fid,2025-08-20 06:30:02,2300,25.59,10.0,Fid on Santander: 43709 → 54894 (+25.6%),249,False
price_move,warning,Santander,Fid,2025-08-20 15:30:02,2318,-21.79,10.0,Fid on Santander: 55902 → 43722 (-21.8%),250,False
price_move,warning,Santander,Fid,2025-08-21 06:00:02,2346,23.51,10.0,Fid on Santander: 43722 → 53999 (+23.5%),251,False
price_move,warning,Santander,Fid,2025-08-21 14:30:02,2363,-17.36,10.0,Fid on Santander: 52922 → 43734 (-17.4%),252,False
price_move,warning,Santander,Fid,2025-08-22 06:00:02,2827,25.19,10.0,Fid on Santander: 43734 → 54751 (+25.2%),253,False
price_move,warning,Santander,Fid,2025-08-22 14:30:01,2407,-18.03,10.0,Fid on Santander: 53368 → 43747 (-18.0%),254,False
price_move,warning,Santander,Fid,2025-08-23 06:00:02,2438,28.57,10.0,Fid on Santander: 43747 → 56246 (+28.6%),255,False
price_move,warning,Santander,Fid,2025-08-23 14:30:02,2830,-21.74,10.0,Fid on Santander: 55916 → 43759 (-21.7%),256,False
price_move,warning,Santander,Fid,2025-08-24 06:00:02,2485,22.71,10.0,Fid on Santander: 43759 → 53695 (+22.7%),257,False
price_move,warning,Santander,Fid,2025-08-24 14:30:01,2502,-17.66,10.0,Fid on Santander: 53160 → 43772 (-17.7%),258,False
price_move,warning,Santander,Fid,2025-08-25 06:00:02,2532,23.33,10.0,Fid on Santander: 43772 → 53982 (+23.3%),259,False
price_move,warning,Santander,Fid,2025-08-25 14:30:01,2832,-16.31,10.0,Fid on Santander: 52319 → 43785 (-16.3%),260,False
price_move,warning,Santander,Fid,2025-08-26 06:00:02,2579,24.19,10.0,Fid on Santander: 44641 → 55438 (+24.2%),261,False
price_move,warning,Santander,Fid,2025-08-26 14:30:02,2596,-18.56,10.0,Fid on Santander: 54830 → 44654 (-18.6%),262,False
price_move,warning,Santander,Fid,2025-08-27 06:00:02,2627,26.98,10.0,Fid on Santander: 44654 → 56702 (+27.0%),263,False
price_move,warning,Santander,Fid,2025-08-27 14:30:01,2644,-19.71,10.0,Fid on Santander: 55629 → 44667 (-19.7%),264,False
price_move,warning,Santander,Fid,2025-08-28 06:00:02,2675,25.15,10.0,Fid on Santander: 44667 → 55902 (+25.2%),265,False
price_move,warning,Santander,Fid,2025-08-28 14:30:01,2692,-19.98,10.0,Fid on Santander: 55838 → 44680 (-20.0%),266,False
price_move,warning,Santander,Fid,2025-08-29 06:00:02,2723,22.54,10.0,Fid on Santander: 44680 → 54749 (+22.5%),267,False
price_move,warning,Santander,Fid,2025-08-29 14:30:02,2740,-20.76,10.0,Fid on Santander: 56400 → 44693 (-20.8%),268,False
price_move,warning,Santander,Fid,2025-08-30 06:00:01,2771,26.28,10.0,Fid on Santander: 44693 → 56439 (+26.3%),269,False
price_move,warning,Santander,Fid,2025-08-30 14:30:02,2788,-22.05,10.0,Fid on Santander: 57353 → 44706 (-22.1%),270,False
price_move,warning,Santander,Sura,2025-08-08 19:30:02,1789,-17.21,10.0,Sura on Santander: 30864 → 25551 (-17.2%),271,False
price_move,warning,Santander,Sura,2025-08-19 18:30:02,2277,19.99,10.0,Sura on Santander: 25622 → 30745 (+20.0%),272,False
price_move,warning,Santander,Sura,2025-08-27 21:30:02,2658,11.52,10.0,Sura on Santander: 20688 → 23071 (+11.5%),273,False
price_move,warning,Santander,Zenit,2025-08-12 00:30:02,1931,23.17,10.0,Zenit on Santander: 26404 → 32521 (+23.2%),274,False
market_floor_drop,critical,Falabella,ALL,2025-08-11 11:30:02,457,-27.0,-20.0,Market floor on Falabella dropped -27.0%: 35240 → 25726,275,False
market_floor_drop,critical,Falabella,ALL,2025-08-16 07:00:01,674,-20.7,-20.0,Market floor on Falabella dropped -20.7%: 25763 → 20430,276,False
market_floor_drop,critical,Santander,ALL,2025-08-04 09:30:02,2845,-23.74,-20.0,Market floor on Santander dropped -23.7%: 37279 → 28428,277,False
market_floor_drop,critical,Santander,ALL,2025-08-08 22:00:01,1793,-31.43,-20.0,Market floor on Santander dropped -31.4%: 37260 → 25551,278,False
market_floor_drop,critical,Santander,ALL,2025-08-11 08:30:01,2817,-50.06,-20.0,Market floor on Santander dropped -50.1%: 51188 → 25563,279,False
market_floor_drop,critical,Santander,ALL,2025-08-19 06:00:02,2252,-21.4,-20.0,Market floor on Santander dropped -21.4%: 32587 → 25614,280,False
market_floor_drop,critical,Santander,ALL,2025-08-19 19:00:02,2278,-32.87,-20.0,Market floor on Santander dropped -32.9%: 30745 → 20640,281,False
market_floor_drop,critical,Santander,ALL,2025-08-24 04:30:02,2482,-36.68,-20.0,Market floor on Santander dropped -36.7%: 32634 → 20664,282,False
market_floor_drop,critical,Santander,ALL,2025-08-27 21:30:02,2658,-29.39,-20.0,Market floor on Santander dropped -29.4%: 32672 → 23071,283,False
market_floor_drop,critical,Santander,ALL,2025-08-30 07:30:01,2774,-29.39,-20.0,Market floor on Santander dropped -29.4%: 32700 → 23091,284,False
